PRAGMA defer_foreign_keys=TRUE;
CREATE TABLE drops (
  id TEXT PRIMARY KEY,
  version INTEGER NOT NULL DEFAULT 1,
  data TEXT,
  r2_key TEXT,
  visibility TEXT NOT NULL DEFAULT 'protected',
  salt TEXT NOT NULL,
  iv TEXT,
  encryption_algo TEXT NOT NULL DEFAULT 'pbkdf2-aes256-gcm-v1',
  encryption_params TEXT,
  mime_type TEXT NOT NULL DEFAULT 'text/plain',
  admin_hash TEXT NOT NULL,
  tier TEXT NOT NULL DEFAULT 'free',
  payment_status TEXT NOT NULL DEFAULT 'none',
  expires_at INTEGER NOT NULL,
  created_at INTEGER NOT NULL
);
INSERT INTO "drops" ("id","version","data","r2_key","visibility","salt","iv","encryption_algo","encryption_params","mime_type","admin_hash","tier","payment_status","expires_at","created_at") VALUES('test-drop-id-12345',1,'test content',NULL,'private','testsalt123',NULL,'pbkdf2-aes256-gcm-v1',NULL,'text/plain','f15f29b2db51d743219f8b5cdad5442c11573012ce2838c1eab4ca1c545485e4','free','none',1775073883,1774469083);
INSERT INTO "drops" ("id","version","data","r2_key","visibility","salt","iv","encryption_algo","encryption_params","mime_type","admin_hash","tier","payment_status","expires_at","created_at") VALUES('bacef850fa97d46d9cb514d4395d24e117cc40c1b007479595e131867f520f20',2,'df0c9b6d044e213bd72ede4317d460fb26059ae2835469a6f12a319446064f171de977382cb22c0827bb8abe1f7b13ac3e4cfc97',NULL,'private','69299e86f164f6f8161ced6517bff452','435e52edc07c61b712494077','pbkdf2-aes256-gcm-v1',NULL,'text/plain','0ef29d17c357bd98b4866d1fa057379674d9bb0f51a98f8c26e3d020cb910751','free','none',1775074125,1774469366);
INSERT INTO "drops" ("id","version","data","r2_key","visibility","salt","iv","encryption_algo","encryption_params","mime_type","admin_hash","tier","payment_status","expires_at","created_at") VALUES('ac1b8dea082bf3af659e5f3849cd771cb0652d3a5038b226159796762d45b51a',1,'573d9dfae7adeecf2afd4c1608c192092961b8090902feb5563d51ddfe402efe980d93dbfadec575c8354afa6881b05d660c0847304edb6c60d0ffbe29354617041c04442202f0b2ff9a',NULL,'private','4d32c5b34ec729b4c4011791e2d4423a','63feae5dd12796d2c5ad3045','pbkdf2-aes256-gcm-v1',NULL,'text/plain','d5fba8cf4c9a30cefa30a9e29f5337a0831c2c6b156e54dbfef7e8fb06065677','free','none',1775074403,1774469603);
INSERT INTO "drops" ("id","version","data","r2_key","visibility","salt","iv","encryption_algo","encryption_params","mime_type","admin_hash","tier","payment_status","expires_at","created_at") VALUES('518d94ade773880693b77c3b111815489a47caa0ba83427fd0c310093e785a0f',2,'ceb257d52689bd5cb4bca0a0c0323392b3c1059422e863ecd2f7f50abc0bab465ae381edc0d76fdac2d6369195d72e63892385d3cc78f5b98a95fd06eb47',NULL,'private','2245a172423151484ac4b5e0d624e08d','6adffa0d63ffa6ab8eb7feb1','pbkdf2-aes256-gcm-v1',NULL,'text/plain','c90e9fbeab675329239c4757728ea4051165c6dbdf69500fed3ed36bd821e9a3','free','none',1775480260,1775068020);
INSERT INTO "drops" ("id","version","data","r2_key","visibility","salt","iv","encryption_algo","encryption_params","mime_type","admin_hash","tier","payment_status","expires_at","created_at") VALUES('70d2043295629452a65c1ed0f6430b2ee57a8ea102daf8cefe7b91761e7ed030',1,'6bc8441cb954de2ba886abe1af2b95aaa532c29973af4e4041d4a748142e3689b029281f7dad03b3b7e0766a8b37fe8daabe5401a04a304bc265c2f85a',NULL,'private','ab824b1b962de13236f707833ac104c6','22646f804dbfc5c271feb663','pbkdf2-aes256-gcm-v1',NULL,'text/plain','fa79b7bc58e518553ff9a137483dcd5167c8e933d946cada0f63bb99bf49e1a9','free','none',1775505359,1774900559);
INSERT INTO "drops" ("id","version","data","r2_key","visibility","salt","iv","encryption_algo","encryption_params","mime_type","admin_hash","tier","payment_status","expires_at","created_at") VALUES('c9feedbfcee12d981f317381c86b3cdaf58565285955758ea264b161523a89e9',1,'92ed7c5fb2797905c93acd0812232d34853fe69349587fea4320707e5647c3e8d2d25f8d53010e7e5bb6545dd8824ea1f335',NULL,'private','0eba07361c0f381b9ffdd85e16cfaff2','a388b1938fb0232a8df4f99b','pbkdf2-aes256-gcm-v1',NULL,'text/plain','cdaf4822f5ecef9b35ab096133b0222913a165348118d2df856fd4e4014527d3','free','none',1775574722,1774969922);
INSERT INTO "drops" ("id","version","data","r2_key","visibility","salt","iv","encryption_algo","encryption_params","mime_type","admin_hash","tier","payment_status","expires_at","created_at") VALUES('f999508e8647d896468edb65c8b45ac325c7f3d33af34649ffe9395eb2bb59c9',1,'09c820dd22f354d2841c991169daf61ef650e1ab13210cec21d3cc52affaaf55cff1df402cd42a5d19f5364c8b087e0138e0c1787a',NULL,'private','787438d71c4b89af71675f78551faf2a','41abfeb01846b87381344392','pbkdf2-aes256-gcm-v1',NULL,'text/plain','06cf38dc3facb39f3a3370a9447283a5715b396cd77bf8d9965fdb04abca208c','free','none',1775579208,1774974408);
INSERT INTO "drops" ("id","version","data","r2_key","visibility","salt","iv","encryption_algo","encryption_params","mime_type","admin_hash","tier","payment_status","expires_at","created_at") VALUES('test123',1,'test',NULL,'public','salt','iv','pbkdf2-aes256-gcm-v1',NULL,'text/plain','hash','free','none',1776261414,1775656614);
INSERT INTO "drops" ("id","version","data","r2_key","visibility","salt","iv","encryption_algo","encryption_params","mime_type","admin_hash","tier","payment_status","expires_at","created_at") VALUES('1775656771',1,'test content here',NULL,'public','salt','','pbkdf2-aes256-gcm-v1',NULL,'text/plain','hash','free','none',1776261572,1775656772);
INSERT INTO "drops" ("id","version","data","r2_key","visibility","salt","iv","encryption_algo","encryption_params","mime_type","admin_hash","tier","payment_status","expires_at","created_at") VALUES('21e2c248bce67385d4f2c9899b24678d4d2d3d580cda3a69f7fc5fc7807856c3',1,'eyJ0eXBlIjoidGV4dCIsImNvbnRlbnQiOiJ0ZXN0IHByaXZhdGUgZHJvcCJ9',NULL,'private','WJqSkfUC5apNCcH5C3rYncJVygfk1nlE','GRdbJL70RWhaP0gyuSHgdky0','pbkdf2-aes256-gcm-v1',NULL,'text/plain','ce1eb54b0aa8a755a9388f9bcbc2200aaedbdeb44361aba7100f986fe97847b6','free','none',1776262348,1775657548);
INSERT INTO "drops" ("id","version","data","r2_key","visibility","salt","iv","encryption_algo","encryption_params","mime_type","admin_hash","tier","payment_status","expires_at","created_at") VALUES('aaa881680f48a5f43e3f221e9386173cd6a326a4fa697b1b8b3404149672d225',1,'eyJ0eXBlIjoidGV4dCIsImNvbnRlbnQiOiJoaSJ9',NULL,'private','testsalt12345678901234567890','testiv123456789012','pbkdf2-aes256-gcm-v1',NULL,'text/plain','9cf01f7f748cdf602244380c6479f14382f9cb1d690e39d8eb00db74aeecd4cc','free','none',1776262420,1775657620);
INSERT INTO "drops" ("id","version","data","r2_key","visibility","salt","iv","encryption_algo","encryption_params","mime_type","admin_hash","tier","payment_status","expires_at","created_at") VALUES('test-1775658416',1,'test content',NULL,'public','salt123',NULL,'pbkdf2-aes256-gcm-v1',NULL,'text/plain','','free','none',1776263216,1775658416);
INSERT INTO "drops" ("id","version","data","r2_key","visibility","salt","iv","encryption_algo","encryption_params","mime_type","admin_hash","tier","payment_status","expires_at","created_at") VALUES('test-1775658704',1,'test content',NULL,'public','salt123',NULL,'pbkdf2-aes256-gcm-v1',NULL,'text/plain','','free','none',1776263504,1775658704);
INSERT INTO "drops" ("id","version","data","r2_key","visibility","salt","iv","encryption_algo","encryption_params","mime_type","admin_hash","tier","payment_status","expires_at","created_at") VALUES('log-test-1775658723',1,'test',NULL,'public','salt',NULL,'pbkdf2-aes256-gcm-v1',NULL,'text/plain','','free','none',1776263523,1775658723);
INSERT INTO "drops" ("id","version","data","r2_key","visibility","salt","iv","encryption_algo","encryption_params","mime_type","admin_hash","tier","payment_status","expires_at","created_at") VALUES('log-test-1775658776',1,'test',NULL,'public','salt',NULL,'pbkdf2-aes256-gcm-v1',NULL,'text/plain','','free','none',1776263577,1775658777);
INSERT INTO "drops" ("id","version","data","r2_key","visibility","salt","iv","encryption_algo","encryption_params","mime_type","admin_hash","tier","payment_status","expires_at","created_at") VALUES('test-1775658807',1,'hello world',NULL,'public','salt123',NULL,'pbkdf2-aes256-gcm-v1',NULL,'text/plain','','free','none',1776263607,1775658807);
INSERT INTO "drops" ("id","version","data","r2_key","visibility","salt","iv","encryption_algo","encryption_params","mime_type","admin_hash","tier","payment_status","expires_at","created_at") VALUES('9ae258c5881cccb2cb557b53ce673b7048542893316fee6836e00a872f08dc31',1,'encrypted-data',NULL,'private','salt123','abcdef1234567890','pbkdf2-aes256-gcm-v1',NULL,'text/plain','c266fedc5f243da1fbee85cad4011ae2a74e5ce890a35c578289f611c90a47f8','free','none',1776263622,1775658822);
INSERT INTO "drops" ("id","version","data","r2_key","visibility","salt","iv","encryption_algo","encryption_params","mime_type","admin_hash","tier","payment_status","expires_at","created_at") VALUES('22b6091185bc64e353a053e883931844ca3a00b614a0b2ee34337399d3a6ce22',1,'test',NULL,'private','salt123',NULL,'pbkdf2-aes256-gcm-v1',NULL,'text/plain','2cd10f4f5190b535e86bf591b907ef625fe22c5737c85d83e8935b3abbbacc69','free','none',1776263860,1775659060);
INSERT INTO "drops" ("id","version","data","r2_key","visibility","salt","iv","encryption_algo","encryption_params","mime_type","admin_hash","tier","payment_status","expires_at","created_at") VALUES('514b2da7ae60c0aa5ab2cbfd90db6862ce4334244fc574bc38784f54ae0450d1',1,'fbf3eef4459411f62e5fec2729e4e8e5a05a01c580060728daafbf777f657706230f87e7a9fa032283620fa624116a3d',NULL,'private','383e55e9277ad718fa6521eb697780db','0a4525d8b51e882f8794a4bb','pbkdf2-aes256-gcm-v1',NULL,'text/plain','686cee0df6453d58d222df31e68668622becb41eb288b481ad19de74fbe5af97','free','none',1776268121,1775663321);
INSERT INTO "drops" ("id","version","data","r2_key","visibility","salt","iv","encryption_algo","encryption_params","mime_type","admin_hash","tier","payment_status","expires_at","created_at") VALUES('test-debug-1775663681',1,'test',NULL,'public','salt123',NULL,'pbkdf2-aes256-gcm-v1',NULL,'text/plain','','free','none',1776268482,1775663682);
INSERT INTO "drops" ("id","version","data","r2_key","visibility","salt","iv","encryption_algo","encryption_params","mime_type","admin_hash","tier","payment_status","expires_at","created_at") VALUES('test-log-1775663707',1,'test',NULL,'public','salt123',NULL,'pbkdf2-aes256-gcm-v1',NULL,'text/plain','','free','none',1776268508,1775663708);
INSERT INTO "drops" ("id","version","data","r2_key","visibility","salt","iv","encryption_algo","encryption_params","mime_type","admin_hash","tier","payment_status","expires_at","created_at") VALUES('test-name-final-1775664800',1,'encrypted-data-here',NULL,'private','salt123','abc123','pbkdf2-aes256-gcm-v1',NULL,'text/plain','db6fecd7fe7f0059830a008a389a4be8d28f0995c1ae4e804afff18053de8919','free','none',1776269547,1775664747);
INSERT INTO "drops" ("id","version","data","r2_key","visibility","salt","iv","encryption_algo","encryption_params","mime_type","admin_hash","tier","payment_status","expires_at","created_at") VALUES('12ff6b92be8ecb4f924b17b1e3dcf3aa025589161d6f1e0f8758eeaa42e8390b',1,'5a6b7ad0742bbced27e6edf3c143a9b5838af856dc00a7bf9302ad914a5cc0750e953078a3eda573f7cf039282d265aefce4aa8c3d',NULL,'private','e90f15be66707fde7ea39b7462d2eb60','b1d3b33ebc45837cff32713d','pbkdf2-aes256-gcm-v1',NULL,'text/plain','8673f2f833fff5c4f54adcee1559983ddf347f5b14cef574f0f95bb81316b113','free','none',1776281579,1775676779);
INSERT INTO "drops" ("id","version","data","r2_key","visibility","salt","iv","encryption_algo","encryption_params","mime_type","admin_hash","tier","payment_status","expires_at","created_at") VALUES('bf54aa4f7ede43727271f2548aebc3c2debf3c2080313e74f5e3fe610e36690c',1,'cf8a4a8bbc0735559d7725868aab0f80a6509357dceaf41f8ba78929ee20ea47a705064ebeb067d4ecf220e8b3941be428931538cd92ddcf6958b3ec06ea4150582d8c2c190a',NULL,'private','c404461f8a98685df209caac43dad516','5234a19880faf2a590c2840e','pbkdf2-aes256-gcm-v1',NULL,'text/plain','1dbe3351b16453def4435cef6fead30db59a942762c1ec68f49772dfa9a83f5a','free','none',1776351145,1775746345);
INSERT INTO "drops" ("id","version","data","r2_key","visibility","salt","iv","encryption_algo","encryption_params","mime_type","admin_hash","tier","payment_status","expires_at","created_at") VALUES('62d53da1a19dbee5e1ab76b5f0819e761d32e0ecef797750ae609e46c88139e7',2,'786173b1e3051ab2a68d54da00d30ceb1cc90b79894e420ee2726b67cac5480691002ecf924ec97dade5f8c795af51324a',NULL,'private','c68eb5194477e28b7ae168da265f8580','cfc3af506af498b4e1d12c16','pbkdf2-aes256-gcm-v1',NULL,'text/plain','9fe11dfd374c19b719004437a0c885d567361d0711edb13e9844ccd0843c8a53','free','none',1776442059,1775837303);
INSERT INTO "drops" ("id","version","data","r2_key","visibility","salt","iv","encryption_algo","encryption_params","mime_type","admin_hash","tier","payment_status","expires_at","created_at") VALUES('a1b2c3d4e5f6',1,'hello world',NULL,'public','1234567890abcdef',NULL,'pbkdf2-aes256-gcm-v1',NULL,'text/plain','test-admin-hash-123','free','none',1776625878,1776021078);
INSERT INTO "drops" ("id","version","data","r2_key","visibility","salt","iv","encryption_algo","encryption_params","mime_type","admin_hash","tier","payment_status","expires_at","created_at") VALUES('6c4ff80f9bce582ef6970214ca6642ad6582aad689148f933a522f038d2d0b88',1,'eyJ0eXBlIjoidGV4dCIsImNvbnRlbnQiOiJhc2Rhc2Rhc2Rhc2QifQ==',NULL,'public','4cfcc02e4da1053a3862fd4be5bcb186',NULL,'pbkdf2-aes256-gcm-v1',NULL,'text/plain','3a877927f33bb21391576d1b6964186b0b2cc475750574844e7a4bbfa8b1351f','free','none',1776712769,1776107969);
INSERT INTO "drops" ("id","version","data","r2_key","visibility","salt","iv","encryption_algo","encryption_params","mime_type","admin_hash","tier","payment_status","expires_at","created_at") VALUES('4366ffa05e0537195f6c930822e715bea03d2b5b2c295a21ee0a1004a5341339',2,'eyJ0eXBlIjoidGV4dCIsImNvbnRlbnQiOiJ5eGN5eGNjIn0=',NULL,'public','b7abb3c6b1fc4de676040aa1476dbe34',NULL,'pbkdf2-aes256-gcm-v1',NULL,'text/plain','d19a561bfac36114a1a35dbfae7ef0b18387523dd7fe45ce2841ade742e9dd8d','free','none',1776716547,1776111810);
INSERT INTO "drops" ("id","version","data","r2_key","visibility","salt","iv","encryption_algo","encryption_params","mime_type","admin_hash","tier","payment_status","expires_at","created_at") VALUES('da83891ec732cfe639049e0e9f2ad5c2aed97914c8f6ea06681697a98ff2670c',1,'eyJ0eXBlIjoidGV4dCIsImNvbnRlbnQiOiJqaGpoIn0=',NULL,'public','7d564b8a1c27f32a80d69a26a10f0d63',NULL,'pbkdf2-aes256-gcm-v1',NULL,'text/plain','261b95703998ed359c6053352009b43018064b2ce2d610fea484ace9c8e4d24d','free','none',1776717046,1776112246);
CREATE TABLE drop_history (
  id INTEGER PRIMARY KEY AUTOINCREMENT,
  drop_id TEXT NOT NULL,
  version INTEGER NOT NULL,
  data TEXT,
  r2_key TEXT,
  iv TEXT,
  encryption_algo TEXT,
  encryption_params TEXT,
  mime_type TEXT,
  created_at INTEGER NOT NULL,
  FOREIGN KEY (drop_id) REFERENCES drops(id)
);
INSERT INTO "drop_history" ("id","drop_id","version","data","r2_key","iv","encryption_algo","encryption_params","mime_type","created_at") VALUES(1,'bacef850fa97d46d9cb514d4395d24e117cc40c1b007479595e131867f520f20',1,'a88a8afb0c4ab3d66639b171c344b0e878e8f3852cdb37fd7037de352f747d8377cdfb175ae0b23f6c22da72bbe6591c3f3d6b1bb7',NULL,'64d06fed189e161fb16dc3df','pbkdf2-aes256-gcm-v1',NULL,'text/plain',1774469325);
INSERT INTO "drop_history" ("id","drop_id","version","data","r2_key","iv","encryption_algo","encryption_params","mime_type","created_at") VALUES(2,'518d94ade773880693b77c3b111815489a47caa0ba83427fd0c310093e785a0f',1,'b948a337a5881ca35026ac263ec768e94ebb3fd48d0ff1dd935c0efbdf1c6a483c7b25596984816c01b225bf02cba4cbdd1a465f56c20edf8662fc97',NULL,'3aa600b20915f8741e9f957b','pbkdf2-aes256-gcm-v1',NULL,'text/plain',1774875460);
INSERT INTO "drop_history" ("id","drop_id","version","data","r2_key","iv","encryption_algo","encryption_params","mime_type","created_at") VALUES(3,'62d53da1a19dbee5e1ab76b5f0819e761d32e0ecef797750ae609e46c88139e7',1,'211616f173d3f0426bdda04aac2338a4791ce6ba2f9178d72edd51cca74fc794e07318c05d43c53e318d000f9080d29cc8',NULL,'d7a377cb64896e9d1b744435','pbkdf2-aes256-gcm-v1',NULL,'text/plain',1775837259);
INSERT INTO "drop_history" ("id","drop_id","version","data","r2_key","iv","encryption_algo","encryption_params","mime_type","created_at") VALUES(5,'4366ffa05e0537195f6c930822e715bea03d2b5b2c295a21ee0a1004a5341339',1,'eyJ0eXBlIjoidGV4dCIsImNvbnRlbnQiOiJ5eGN5eGNjIn0=',NULL,NULL,'pbkdf2-aes256-gcm-v1',NULL,'text/plain',1776111747);
CREATE TABLE drop_audit_log (
  id INTEGER PRIMARY KEY AUTOINCREMENT,
  drop_id TEXT NOT NULL,
  action TEXT NOT NULL,
  version INTEGER,
  created_at INTEGER NOT NULL
);
INSERT INTO "drop_audit_log" ("id","drop_id","action","version","created_at") VALUES(1,'test-drop-id-12345','created',1,1774469083);
INSERT INTO "drop_audit_log" ("id","drop_id","action","version","created_at") VALUES(2,'bacef850fa97d46d9cb514d4395d24e117cc40c1b007479595e131867f520f20','created',1,1774469325);
INSERT INTO "drop_audit_log" ("id","drop_id","action","version","created_at") VALUES(3,'bacef850fa97d46d9cb514d4395d24e117cc40c1b007479595e131867f520f20','edited',2,1774469366);
INSERT INTO "drop_audit_log" ("id","drop_id","action","version","created_at") VALUES(4,'ac1b8dea082bf3af659e5f3849cd771cb0652d3a5038b226159796762d45b51a','created',1,1774469603);
INSERT INTO "drop_audit_log" ("id","drop_id","action","version","created_at") VALUES(5,'518d94ade773880693b77c3b111815489a47caa0ba83427fd0c310093e785a0f','created',1,1774875460);
INSERT INTO "drop_audit_log" ("id","drop_id","action","version","created_at") VALUES(6,'70d2043295629452a65c1ed0f6430b2ee57a8ea102daf8cefe7b91761e7ed030','created',1,1774900559);
INSERT INTO "drop_audit_log" ("id","drop_id","action","version","created_at") VALUES(7,'c9feedbfcee12d981f317381c86b3cdaf58565285955758ea264b161523a89e9','created',1,1774969922);
INSERT INTO "drop_audit_log" ("id","drop_id","action","version","created_at") VALUES(8,'f999508e8647d896468edb65c8b45ac325c7f3d33af34649ffe9395eb2bb59c9','created',1,1774974408);
INSERT INTO "drop_audit_log" ("id","drop_id","action","version","created_at") VALUES(9,'518d94ade773880693b77c3b111815489a47caa0ba83427fd0c310093e785a0f','edited',2,1775068020);
INSERT INTO "drop_audit_log" ("id","drop_id","action","version","created_at") VALUES(10,'test123','created',1,1775656614);
INSERT INTO "drop_audit_log" ("id","drop_id","action","version","created_at") VALUES(11,'1775656771','created',1,1775656772);
INSERT INTO "drop_audit_log" ("id","drop_id","action","version","created_at") VALUES(12,'21e2c248bce67385d4f2c9899b24678d4d2d3d580cda3a69f7fc5fc7807856c3','created',1,1775657548);
INSERT INTO "drop_audit_log" ("id","drop_id","action","version","created_at") VALUES(13,'aaa881680f48a5f43e3f221e9386173cd6a326a4fa697b1b8b3404149672d225','created',1,1775657620);
INSERT INTO "drop_audit_log" ("id","drop_id","action","version","created_at") VALUES(14,'test-1775658416','created',1,1775658416);
INSERT INTO "drop_audit_log" ("id","drop_id","action","version","created_at") VALUES(15,'test-1775658704','created',1,1775658704);
INSERT INTO "drop_audit_log" ("id","drop_id","action","version","created_at") VALUES(16,'log-test-1775658723','created',1,1775658723);
INSERT INTO "drop_audit_log" ("id","drop_id","action","version","created_at") VALUES(17,'log-test-1775658776','created',1,1775658777);
INSERT INTO "drop_audit_log" ("id","drop_id","action","version","created_at") VALUES(18,'test-1775658807','created',1,1775658807);
INSERT INTO "drop_audit_log" ("id","drop_id","action","version","created_at") VALUES(19,'9ae258c5881cccb2cb557b53ce673b7048542893316fee6836e00a872f08dc31','created',1,1775658822);
INSERT INTO "drop_audit_log" ("id","drop_id","action","version","created_at") VALUES(20,'22b6091185bc64e353a053e883931844ca3a00b614a0b2ee34337399d3a6ce22','created',1,1775659060);
INSERT INTO "drop_audit_log" ("id","drop_id","action","version","created_at") VALUES(21,'514b2da7ae60c0aa5ab2cbfd90db6862ce4334244fc574bc38784f54ae0450d1','created',1,1775663321);
INSERT INTO "drop_audit_log" ("id","drop_id","action","version","created_at") VALUES(22,'test-debug-1775663681','created',1,1775663682);
INSERT INTO "drop_audit_log" ("id","drop_id","action","version","created_at") VALUES(23,'test-log-1775663707','created',1,1775663708);
INSERT INTO "drop_audit_log" ("id","drop_id","action","version","created_at") VALUES(24,'test-name-final-1775664800','created',1,1775664747);
INSERT INTO "drop_audit_log" ("id","drop_id","action","version","created_at") VALUES(25,'d31bf41bc2c51b11c91e2b39e7e2fec81bf12fcb9ad16c3416fd8120e2d6b267','created',1,1775666015);
INSERT INTO "drop_audit_log" ("id","drop_id","action","version","created_at") VALUES(26,'d31bf41bc2c51b11c91e2b39e7e2fec81bf12fcb9ad16c3416fd8120e2d6b267','edited',2,1775666053);
INSERT INTO "drop_audit_log" ("id","drop_id","action","version","created_at") VALUES(27,'d31bf41bc2c51b11c91e2b39e7e2fec81bf12fcb9ad16c3416fd8120e2d6b267','deleted',NULL,1775666095);
INSERT INTO "drop_audit_log" ("id","drop_id","action","version","created_at") VALUES(28,'12ff6b92be8ecb4f924b17b1e3dcf3aa025589161d6f1e0f8758eeaa42e8390b','created',1,1775676779);
INSERT INTO "drop_audit_log" ("id","drop_id","action","version","created_at") VALUES(29,'bf54aa4f7ede43727271f2548aebc3c2debf3c2080313e74f5e3fe610e36690c','created',1,1775746345);
INSERT INTO "drop_audit_log" ("id","drop_id","action","version","created_at") VALUES(30,'62d53da1a19dbee5e1ab76b5f0819e761d32e0ecef797750ae609e46c88139e7','created',1,1775837259);
INSERT INTO "drop_audit_log" ("id","drop_id","action","version","created_at") VALUES(31,'62d53da1a19dbee5e1ab76b5f0819e761d32e0ecef797750ae609e46c88139e7','edited',2,1775837303);
INSERT INTO "drop_audit_log" ("id","drop_id","action","version","created_at") VALUES(32,'a1b2c3d4e5f6','created',1,1776021078);
INSERT INTO "drop_audit_log" ("id","drop_id","action","version","created_at") VALUES(33,'6c4ff80f9bce582ef6970214ca6642ad6582aad689148f933a522f038d2d0b88','created',1,1776107969);
INSERT INTO "drop_audit_log" ("id","drop_id","action","version","created_at") VALUES(34,'5fdcfc341f6dcde9cf3b6e279c1847bf3f2e36734f33e290625284eb0e6c0dc2','created',1,1776108874);
INSERT INTO "drop_audit_log" ("id","drop_id","action","version","created_at") VALUES(35,'5fdcfc341f6dcde9cf3b6e279c1847bf3f2e36734f33e290625284eb0e6c0dc2','edited',2,1776108916);
INSERT INTO "drop_audit_log" ("id","drop_id","action","version","created_at") VALUES(36,'5fdcfc341f6dcde9cf3b6e279c1847bf3f2e36734f33e290625284eb0e6c0dc2','deleted',NULL,1776108943);
INSERT INTO "drop_audit_log" ("id","drop_id","action","version","created_at") VALUES(37,'4366ffa05e0537195f6c930822e715bea03d2b5b2c295a21ee0a1004a5341339','created',1,1776111747);
INSERT INTO "drop_audit_log" ("id","drop_id","action","version","created_at") VALUES(38,'4366ffa05e0537195f6c930822e715bea03d2b5b2c295a21ee0a1004a5341339','edited',2,1776111810);
INSERT INTO "drop_audit_log" ("id","drop_id","action","version","created_at") VALUES(39,'da83891ec732cfe639049e0e9f2ad5c2aed97914c8f6ea06681697a98ff2670c','created',1,1776112246);
DELETE FROM sqlite_sequence;
INSERT INTO "sqlite_sequence" ("name","seq") VALUES('drop_history',5);
INSERT INTO "sqlite_sequence" ("name","seq") VALUES('drop_audit_log',39);
CREATE INDEX idx_drops_expires_at ON drops(expires_at);
CREATE INDEX idx_drop_history_drop_id ON drop_history(drop_id);
CREATE INDEX idx_drop_audit_log_drop_id ON drop_audit_log(drop_id);
